{
  "project_info": {
    "project_number": "1064933260540",
    "firebase_url": "https://tugasakhirppb-91acd.firebaseio.com",
    "project_id": "tugasakhirppb-91acd",
    "storage_bucket": "tugasakhirppb-91acd.appspot.com"
  },
  "client": [
    {
      "client_info": {
        "mobilesdk_app_id": "1:1064933260540:android:81b469e99e762a22e36b79",
        "android_client_info": {
          "package_name": "com.example.barangkelontong"
        }
      },
      "oauth_client": [
        {
          "client_id": "1064933260540-96qk5pnqnil4vl955grnhr26qha56nv0.apps.googleusercontent.com",
          "client_type": 3
        }
      ],
      "api_key": [
        {
          "current_key": "AIzaSyCtSPzVgNXozg9AgjBq1qIYs7xAkas6Wv8"
        }
      ],
      "services": {
        "appinvite_service": {
          "other_platform_oauth_client": [
            {
              "client_id": "1064933260540-96qk5pnqnil4vl955grnhr26qha56nv0.apps.googleusercontent.com",
              "client_type": 3
            }
          ]
        }
      }
    }
  ],
  "configuration_version": "1"
}